编码,药店名,所在区县,地址
31200008,仁和药房网（北京）医药科技有限公司第三十五药房,经济技术开发区,北京经济技术开发区天宝园五里二区天宝商业中心B16号
31200007,北京源通百姓平安大药房有限公司仁信达分公司,经济技术开发区,北京经济技术开发区经海七路100号院10号楼8号底商
31200006,北京壹壹壹商业连锁有限公司经海路分店,经济技术开发区,北京市北京经济技术开发区科创十三街18号院2号楼1层106室
31200005,北京源通百姓平安大药房有限公司第四分公司,经济技术开发区,北京市北京经济技术开发区文化园西路8号院27号楼106
31200004,北京源通百姓平安大药房有限公司第一分公司,经济技术开发区,北京市北京经济技术开发区天华园二里二区11号楼A-102室
31200003,北京源通百姓平安大药房有限公司,经济技术开发区,北京市北京经济技术开发区天华园一里三区14号楼8号商铺
31200001,北京同仁堂连锁药店有限责任公司经济技术开发区药店,经济技术开发区,北京经济技术开发区天华园二里二区19号楼01层F1A7
29200022,北京延民康医药有限公司十三分店,延庆区,北京市延庆区八达岭镇里炮社区七号楼五单元502室
29200021,北京明和堂医药有限公司第十三分店,延庆区,北京市延庆区八达岭镇商业街(卫生院东侧)
29200020,北京百信仁康大药房有限公司七分店,延庆区,北京市延庆区延庆镇孟庄村平安西街西一巷6号
29200019,北京百信仁康大药房有限公司二分店,延庆区,北京市延庆区延庆镇石河营村南50米
29200018,北京明和堂医药有限公司延庆分店,延庆区,北京市延庆区延庆镇东外大街61号良友商服综合楼一层
29200017,北京明和堂医药有限公司第十分店,延庆区,北京市延庆区张山营镇上芦凤营村南（老派出所院内）
29200016,北京明和堂医药有限公司第五分店,延庆区,北京市延庆区延庆镇东外大街68号
29200015,北京明和堂医药有限公司第十二分店,延庆区,北京市延庆区井庄镇政府南200米
29200013,北京明和堂医药有限公司第一分店,延庆区,北京市延庆区沈家营镇冯庄村（镇政府对面）
29200012,北京市祝生堂医药有限公司,延庆区,北京市延庆区延庆镇东外大街2号
29200011,北京市祝生堂医药有限公司悦康药店,延庆区,北京市延庆区延庆镇东顺城街26号一层
29200010,北京市祝生堂医药有限公司丰康药店,延庆区,北京市延庆区延庆镇妫水北街39号1幢F座一层505-08、09号
29200005,北京百信仁康大药房有限公司一分店,延庆区,北京市延庆区永宁镇太平街小后街7号
29200004,北京明和堂医药有限公司第九分店,延庆区,北京市延庆区永宁镇和平街南街18号
29200003,北京明和堂医药有限公司第三分店,延庆区,北京市延庆区延庆镇颍泽州小区25号楼1层102室
29200002,北京明和堂医药有限公司第四分店,延庆区,北京市延庆区康庄镇兴隆南街1号
29200001,北京延民康医药有限公司十分店,延庆区,北京市延庆区延庆镇东外大街99号一层
28200031,北京闵邦韩医药销售有限公司鼓楼大街店,密云区,北京市密云区长安小区1号楼1-4
28200030,北京正济堂药品连锁超市有限责任公司密云二店,密云区,北京市密云区檀营街檀府家园佳2号2-1、2-2
28200029,北京同仁堂京北企业管理有限公司密云药店,密云区,北京市密云区农机路1号院2号楼一层
28200028,北京太宁康医药有限公司二分店,密云区,北京市密云区河南寨镇荆栗园村209号
28200027,北京太宁康医药有限公司,密云区,北京市密云区新中街179号楼1号门脸房
28200026,北京康乐同济大药房有限公司沙河店,密云区,北京市密云区车站路14号北京兰华公寓21号
28200025,北京慧源堂药品有限公司第三分店,密云区,北京市密云区巨各庄镇八家庄村南侧300米
28200024,北京和谐春天医药有限公司十四分店,密云区,北京市密云区溪翁庄镇溪翁庄村85号
28200023,北京和谐春天医药有限公司十三分店,密云区,北京市密云区十里堡镇双井村北（24084）1幢1至2层
28200022,北京和谐春天医药有限公司润千家店,密云区,北京市密云区巨各庄镇蔡家洼小区11号楼2单元102室
28200021,北京和谐春天医药有限公司八分店,密云区,北京市密云区阳光街391号院3号楼3-8号
28200020,北京扶生医药连锁经营有限公司太师屯药店,密云区,北京市密云区太师屯镇正阳小区1号楼1层3单元101
28200019,北京百信仁康大药房有限公司行宫店,密云区,北京市密云区行宫街118号一层
28200018,北京慧源堂药品有限公司第九分店,密云区,北京市密云区穆家峪镇羊山村大集院内
28200017,北京和谐春天医药有限公司六分店,密云区,北京市密云区密西花园小区48号楼1层48-3
28200015,北京太宁康医药有限公司一分店,密云区,北京市密云区南河路4号院金融商业城6-1-102号
28200012,北京百草扶生大药房有限责任公司,密云区,北京市密云区新中街世纪家园小区C楼E室
28200005,北京和谐春天医药有限公司,密云区,北京市密云区季庄小区53号楼三段12号
28200003,北京天赐福康堂药店有限公司,密云区,北京市密云区花园小区1号楼10号一层
28200002,北京市密云区医药药材公司沿湖扶生药店,密云区,北京市密云区沿湖小区综合楼一层
28200001,北京扶生医药连锁经营有限公司鼓楼药店,密云区,北京市密云区鼓楼南大街医药药材公司一层
27200027,北京同仁堂京北企业管理有限公司怀柔药店,怀柔区,北京市怀柔区青春路富乐小区南里28号楼
27200026,北京怀柔燕北医药有限公司乐康堂医保全新大药房,怀柔区,北京市怀柔区潘家园19号楼4号门面房
27200025,北京海龙堂医药连锁有限公司,怀柔区,北京市怀柔区怀柔镇大中富乐村337号
27200024,北京盛民堂医药销售有限公司,怀柔区,北京市怀柔区南大街6号楼9号门店
27200022,北京怀柔燕北医药有限公司乐益堂医保全新大药房,怀柔区,北京市怀柔区迎宾北路2号楼3单元
27200021,北京怀柔燕北医药有限公司乐盈堂医保全新大药房,怀柔区,北京市怀柔区杨宋镇杨宋庄村十字街东100米
27200020,北京怀柔燕北医药有限公司乐兴堂医保全新大药房,怀柔区,北京市怀柔区怀柔镇南大街25号楼2-102
27200018,北京富乐民康大药房有限公司,怀柔区,北京市怀柔区怀柔镇大中富乐村282号
27200010,北京德威治医药连锁有限责任公司肖两河大药房,怀柔区,北京市怀柔区庙城镇肖两河村西100米
27200009,北京德威治医药连锁有限责任公司南华园迎宾大药房,怀柔区,北京市怀柔区南华园一区63号 
27200006,北京好药师大药房连锁有限公司怀柔青春路店,怀柔区,北京市怀柔区湖光小区33号院梅苑8号楼4号
27200002,北京怀柔燕北医药有限公司华峰医保全新大药房,怀柔区,北京市怀柔区商业街15号
26200052,北京闵邦韩医药销售有限公司杏园店,平谷区,北京市平谷区王辛庄镇东杏园村乐园路4号
26200051,北京闵邦韩医药销售有限公司夏各庄康源店,平谷区,北京市平谷区夏各庄镇南太务大街北九巷44号
26200050,北京闵邦韩医药销售有限公司西寺渠店,平谷区,北京市平谷区平谷镇西寺渠东路13号
26200049,北京闵邦韩医药销售有限公司王辛庄店,平谷区,北京市平谷区王辛庄镇小辛寨村东大街14号
26200048,北京闵邦韩医药销售有限公司平谷南街店,平谷区,北京市平谷区平谷镇平谷南街39号楼39-19
26200047,北京闵邦韩医药销售有限公司马昌营店,平谷区,北京市平谷区马昌营镇马昌营村古槐路33号
26200046,北京闵邦韩医药销售有限公司金海湖店,平谷区,北京市平谷区金海湖镇胡庄村东环路16号
26200045,北京闵邦韩医药销售有限公司第二分公司,平谷区,北京市平谷区平谷镇光明居民西小区甲268排2号
26200044,北京万家瑞大药房连锁有限公司康平店,平谷区,北京市平谷区平谷镇新平北路63号院1号楼4单元2号（商业楼）
26200043,北京万家瑞大药房连锁有限公司贾各庄店,平谷区,北京市平谷区王辛庄镇贾各庄村南街2号-3
26200042,北京万家瑞大药房连锁有限公司,平谷区,北京市平谷区平谷镇西寺渠村底商楼一层（西侧第一家）
26200041,北京同仁堂京北企业管理有限公司平谷药店,平谷区,北京市平谷区王辛庄镇齐各庄村南腾龙源城小区四号楼103-106
26200040,北京久久仁康医药有限公司,平谷区,北京市平谷区平谷镇金乡路金乡嘉园3-2号
26200039,北京嘉事堂龙翔连锁药店有限公司上宅药店,平谷区,北京市平谷区金海湖镇上宅南街甲15号
26200038,北京嘉事堂龙翔连锁药店有限公司马各庄村药店,平谷区,北京市平谷区夏各庄镇马各庄南街82号
26200037,北京嘉事堂龙翔连锁药店有限公司嘉事堂雅芝佳药店,平谷区,北京市平谷区峪口镇峪口村峪阳路19-5号
26200036,北京嘉事堂龙翔连锁药店有限公司嘉事堂上纸寨药店,平谷区,北京市平谷区兴谷开发区中罗庄西路171号
26200035,北京嘉事堂龙翔连锁药店有限公司嘉事堂南定福药店,平谷区,北京市平谷区马昌营镇南定福东区33号
26200034,北京嘉事堂龙翔连锁药店有限公司嘉事堂马昌营药店,平谷区,北京市平谷区马昌营镇马昌营村
26200033,北京嘉事堂龙翔连锁药店有限公司嘉事堂刘家店药店,平谷区,北京市平谷区刘家店镇刘家店西路241号
26200032,北京嘉事堂龙翔连锁药店有限公司嘉事堂大兴庄药店,平谷区,北京市平谷区大兴庄镇大兴庄11号楼5号房
26200031,北京嘉事堂龙翔连锁药店有限公司嘉事堂大北关药店,平谷区,北京市平谷区山东庄镇大北关北街93号
26200030,北京嘉事堂龙翔连锁药店有限公司嘉事堂百草安康药店,平谷区,北京市平谷区夏各庄镇安固后街9号
26200029,北京嘉事堂龙翔连锁药店有限公司第五药店,平谷区,北京市平谷区平翔路8号
26200028,北京嘉事堂龙翔连锁药店有限公司第四药店,平谷区,北京市平谷区平谷镇金乡居民西小区甲30号楼甲30-3
26200027,北京嘉事堂龙翔连锁药店有限公司第七药店,平谷区,北京市平谷区打铁庄商业街路东7号
26200026,北京嘉事堂龙翔连锁药店有限公司第二药店,平谷区,北京市平谷区平谷镇新平东路61号南
26200025,北京嘉事堂龙翔连锁药店有限公司北吉山药店,平谷区,北京市平谷区刘家店镇北吉山大街10号
26200024,北京嘉事堂龙翔连锁药店有限公司,平谷区,北京市平谷区平谷镇北斜街167号
26200023,北京华益春医药连锁有限公司十六百信药店,平谷区,北京市平谷区东高村镇南埝头西路60号
26200022,北京华益春医药连锁有限公司十八百信药店,平谷区,北京市平谷区大兴庄镇北城子西路201号
26200021,北京华益春医药连锁有限公司靠山集供销社药店,平谷区,北京市平谷区金海湖镇靠山集村靠山集大街40号
26200020,北京华益春医药连锁有限公司第十五药店,平谷区,北京市平谷区南独乐河镇刘家河村西二路36号
26200019,北京华益春医药连锁有限公司第十四药店,平谷区,北京市平谷区金海湖镇胡庄南环路32号
26200018,北京华益春医药连锁有限公司第三药店,平谷区,北京市平谷区兴谷街道办事处太和东园二层底商5门
26200017,北京华益春医药连锁有限公司第七药店,平谷区,北京市平谷区平谷镇南岔子街4号
26200016,北京华益春医药连锁有限公司第二药店,平谷区,北京市平谷区黄松峪乡黄松峪村东南大街269号
26200015,北京嘉事堂龙翔连锁药店有限公司嘉事堂东寺渠药店,平谷区,北京市平谷区平谷镇新平东路253号
26200014,北京嘉事堂龙翔连锁药店有限公司嘉事堂山东庄药店,平谷区,北京市平谷区山东庄镇山东庄村四沟路17号
26200013,北京嘉事堂龙翔连锁药店有限公司嘉事堂镇罗营药店,平谷区,北京市平谷区镇罗营镇上营村镇罗营东街96号
26200012,北京嘉事堂龙翔连锁药店有限公司嘉事堂平嘉药店,平谷区,北京市平谷区平谷镇金谷园8号楼2号底商
26200011,北京嘉事堂龙翔连锁药店有限公司第一药店,平谷区,北京市平谷区平谷镇北环东路26号楼4号底商
26200005,北京闵邦韩医药销售有限公司文化南街店,平谷区,北京市平谷区平谷镇文化南街15号院
26200004,北京闵邦韩医药销售有限公司国康全新店,平谷区,北京市平谷区平谷镇海关西园甲1号楼1单元1号
26200003,北京万家瑞大药房连锁有限公司天寿春二店,平谷区,平谷区平谷镇文化街3号
26200002,北京创世兴和堂医药有限责任公司（北京兴和堂药店）,平谷区,北京市平谷区新平北路粮食局底商楼5-6号
26200001,北京闵邦韩医药销售有限公司事兴堂店,平谷区,北京市平谷区平谷镇向阳北街甲3号楼1层2单元
24200056,仁和药房网（北京）医药科技有限公司第四十六药房,大兴区,北京市大兴区亦庄镇小康家园2幢1-2号12室
24200055,康美智慧药房（北京）有限公司,大兴区,北京市大兴区魏善庄镇魏庄村魏达巷5号
24200054,叮当智慧药房（北京）有限公司第十八店,大兴区,北京市大兴区黄村镇枣园小区40号楼1号1层
24200053,叮当智慧药房（北京）有限公司第六店,大兴区,北京市大兴区旧宫镇南场路1号1层13-14号
24200052,北京源通百姓平安荣盛堂医药有限公司第一分公司,大兴区,北京市大兴区华佗路1号院23号楼1层101
24200051,北京源通百姓平安大药房有限公司第六分公司,大兴区,北京市大兴区瀛海镇南海家园X76-31-2号
24200050,北京永民康医药技术有限公司第五药品零售店,大兴区,北京市大兴区黄村镇富强路北侧23号2-1
24200049,北京养生堂济生药店有限公司,大兴区,北京市大兴区黄村镇清源路甲1号2幢一层
24200048,北京同仁堂兴华药店有限公司,大兴区,北京市大兴区黄村镇兴华大街（二段）13号院5号楼2-1号
24200047,北京市康健堂医药有限公司第十一分店,大兴区,北京市大兴区黄村镇车站中里28号楼1层甲-102室
24200046,北京市康健堂医药有限公司第十六分店,大兴区,北京市大兴区黄村镇车站中里甲1号楼1层甲1-1
24200045,北京市康健堂医药有限公司第六分店,大兴区,北京市大兴区黄村镇丽园路30号院1层30-24号
24200044,北京全新康泰药品有限公司长子营店,大兴区,北京市大兴区长子营镇白庙村村委会东100米
24200043,北京明医堂旧宫医药有限公司,大兴区,北京市大兴区旧宫镇旧宫东路47号
24200042,北京敬仁堂医药连锁有限公司第五分店,大兴区,北京市大兴区北臧村镇文新南街273号院C区14号楼108号商铺
24200041,北京金象大药房医药连锁有限责任公司福兴金象大药房,大兴区,北京大兴区黄村镇金星西路3号3号院3号楼B1F-02号
24200040,北京好药师大药房连锁有限公司广平大街店,大兴区,北京市大兴区大兴经济开发区广平大街9号孵化器大楼底商6-7号
24200039,北京高远百康大药房有限公司小羊坊分店,大兴区,北京市大兴区亦庄镇东工业区北京赛益兴科贸有限公司内1幢1-2层101室
24200038,北京高远百康大药房有限公司鹿华路分店,大兴区,北京市大兴区鹿华路8号院29号楼一层105
24200037,北京高远百康大药房有限公司金星路分店,大兴区,北京市大兴区黄村镇金星西路111号1层
24200036,北京百姓安康大药房,大兴区,北京市大兴区黄村镇西大街26号
24200035,北京恒泰祥和医药有限公司,大兴区,北京市大兴区庞各庄工业区瓜乡路2号
24200034,北京丰益堂药店,大兴区,北京市大兴区旧宫镇清逸园32号楼3-103
24200033,北京市华瑞堂大药房,大兴区,北京市大兴区青云店镇大东园38号楼-5
24200032,北京仁人同济大药房,大兴区,北京市大兴区旧宫镇清欣园小区东大门北侧5号
24200030,北京源通百姓平安荣盛堂医药有限公司,大兴区,北京市大兴区西红门镇欣荣北大街18号院1号楼2号底商
24200029,北京万源宝隆宏昌大药房有限公司,大兴区,北京市大兴区旧宫镇红星楼商业街汇宝隆大厦一层
24200028,北京康兴国太益顺堂医药有限公司,大兴区,北京市大兴区北臧村镇大臧村村委会西100米（A段西数第七间）
24200027,北京嘉信普康医药有限公司,大兴区,北京市大兴区黄村镇三中西巷18号
24200026,北京佑美嘉工贸中心,大兴区,北京市大兴区经济开发区金辅路8号1号楼一层107室
24200025,北京市永林门诊部有限公司,大兴区,北京市大兴区黄村镇枣园小区15号楼底商15号16号
24200024,北京嘉信普康医药有限公司第一分公司,大兴区,北京市大兴区黄村镇龙河路103号
24200019,仁和药房网（北京）医药科技有限公司第十九药房,大兴区,北京市大兴区郁花园一里商业街5号
24200018,北京市康健堂医药有限公司同心堂大药房,大兴区,北京市大兴区魏善庄镇伊庄村民委员会东200米
24200017,北京市康健堂医药有限公司,大兴区,北京市大兴区黄村镇清源西里1、2号楼底商
24200016,老百姓大药房（北京）有限公司大兴观音寺店,大兴区,北京市大兴区黄村镇京开路102号1幢1层6-8号
24200015,北京敬仁堂医药连锁有限公司第二分店,大兴区,北京市北京经济技术开发区贵园东里55号楼301号
24200014,北京敬仁堂医药连锁有限公司,大兴区,北京市大兴区亦庄镇贵园小区商业街12号
24200013,北京敬仁堂医药连锁有限公司第八分店,大兴区,北京市大兴区亦庄镇鹿海园一里20号楼4号商户
24200012,北京市康健堂医药有限公司第五分店,大兴区,北京市大兴区滨河坊16号楼
24200002,北京市兴盛源医药药材有限责任公司兴益康药店,大兴区,北京市大兴区黄村镇黄村东大街45号
23200057,北京盛仁堂医药有限公司第十六分店,通州区,北京市通州区马驹桥镇商业街23号
23200056,北京盛仁堂医药有限公司第十九分店,通州区,北京市通州区梨园镇怡乐园二区1号楼132号
23200055,北京盛仁堂医药有限公司第十二分店,通州区,北京市通州区永乐店镇镇政府西侧
23200054,北京盛仁堂医药有限公司第二十四分店,通州区,北京市通州区怡乐中街69号
23200053,北京瑞福康医药有限公司西马庄店,通州区,北京市通州区西马庄小区南门商业楼7号
23200052,北京瑞福康医药有限公司物院路药店,通州区,北京市通州区永顺镇物资学院路33号
23200051,北京瑞福康医药有限公司土桥店,通州区,北京市通州区砖厂北里140号楼1层3-012、3-013
23200050,北京京东益民医药有限公司,通州区,北京市通州区永顺镇李庄村委会东南1000米
23200049,北京汉丹堂医药有限公司府东苑店,通州区,北京市通州区台湖镇府东苑小区33号楼商6
23200048,北京汉丹堂医药有限公司第八分公司,通州区,北京市通州区宋庄镇疃里村委会南300米
23200047,北京高远百康大药房有限公司周营分店,通州区,北京市通州区中关村科技园区通州园金桥科技产业基地环科中路16号42幢一层103
23200046,北京高远百康大药房有限公司运河大街分店,通州区,北京市通州区运河西大街23号
23200045,北京高远百康大药房有限公司三间房分店,通州区,北京市通州区玉桥西里72号21号楼底商4号
23200044,北京宝瑞堂医药有限公司,通州区,北京市通州区通朝大街263、265号
23200043,北京瑞福康医药有限公司苏坨药店,通州区,北京市通州区永顺镇苏坨村南6号
23200042,北京瑞福康医药有限公司三元村大药房,通州区,北京市通州区潞城镇三元村村委会东20米
23200041,北京瑞福康医药有限公司柳岸芳园药店,通州区,北京市通州区玉桥西里中街2号
23200040,北京高远百康大药房有限公司梨园分店,通州区,北京市通州区梨园镇北杨洼255号
23200039,北京京东益民医药有限公司关辛庄店,通州区,北京市通州区宋庄镇关辛庄村委会东北100米
23200036,北京京东益民利民医药有限公司,通州区,北京市通州区新城东里火车站6号
23200034,北京瑞福康医药有限公司,通州区,北京市通州区艺苑西里3号商业楼5门
23200033,北京京东益民医药有限公司第一分店,通州区,北京市通州区潞苑北里四区10号楼1至2层103
23200030,北京高远百康大药房有限公司玉桥北里分店,通州区,北京市通州区玉桥北里41号楼
23200029,北京金禾堂医药有限公司,通州区,北京市通州区于家务回族乡于家务村商业街16号
23200027,北京高远百康大药房有限公司九棵树分店,通州区,北京市通州区万盛北街38号
23200026,北京盛仁堂医药有限公司第六分店,通州区,北京市通州区宋庄镇徐辛庄村
23200025,北京同仁堂连锁药店有限责任公司长桥园药店,通州区,北京市通州区长桥园9号楼
23200024,北京盛仁堂医药有限公司第三分店,通州区,北京市通州区于家务回族乡渠头村
23200023,北京瑞福康医药有限公司西潞园药店,通州区,北京市通州区西潞园小区商业楼80号甲1号
23200022,仁和药房网（北京）医药科技有限公司第十三药房,通州区,北京市通州区新华联家园小区8号楼312号
23200021,北京同仁堂连锁药店有限责任公司九棵树药店,通州区,北京市通州区梨园镇东总屯
23200020,北京瑞福康医药有限公司杨庄药店,通州区,北京市通州区杨庄南街5-1号
23200019,北京盛仁堂医药有限公司康健绿舟店,通州区,北京市通州区通胡路68号2号楼2-06-1A
23200017,北京同仁堂连锁药店有限责任公司通朝大街药店,通州区,北京市通州区通朝大街212号
23200016,北京同仁堂连锁药店有限责任公司新城药店,通州区,北京市通州区新城南关137号
23200015,仁和药房网（北京）医药科技有限公司第三十一药房,通州区,北京市通州区新华联家园北区7号楼311
22200029,北京壹壹壹商业连锁有限公司机场东路分店,顺义区,北京市顺义区临空经济核心区汇海南路1号院3号楼1层101
22200028,北京祥裕正杰大药房有限公司,顺义区,北京市顺义区天竺空港经济开发区B区裕民大街3号院1幢1层1083
22200027,北京祥顺康药店有限公司,顺义区,北京市顺义区空港街道裕安路34号院8号楼8-7号
22200026,北京桐康堂医药有限公司第二分店,顺义区,北京市顺义区李桥镇南半壁店西一街70号
22200025,北京顺批医药有限公司第五药店,顺义区,北京市顺义区马坡镇顺兴街9号院25号楼101号
22200024,北京顺批医药有限公司第七药店,顺义区,北京市顺义区后沙峪镇安富街8号院1号楼1层
22200023,北京顺批医药有限公司第八药店,顺义区,北京市顺义区杨镇顺平路杨镇段9号7幢
22200022,北京顺批北小营医药有限公司,顺义区,北京市顺义区北小营镇北小营村委会南50米
22200021,北京顺批百康慧德医药有限公司,顺义区,北京市顺义区仁和地区胡各庄村南港馨家园西区28号楼1层07号
22200020,北京市顺义医药药材公司瑞发堂药店,顺义区,北京市顺义区仁和镇站前东街商业楼2号楼123
22200019,北京九州同泰医药有限公司全益堂金康店,顺义区,北京市顺义区北小营镇政府西路5-16
22200018,北京九州同泰医药有限公司九州福乐店,顺义区,北京市顺义区李桥镇头二营村中心街甲1号
22200017,北京高远百康大药房有限公司第七十四分店,顺义区,北京市顺义区南法信镇金穗路2号院7号楼1层104
22200016,北京东方众康大药房有限公司,顺义区,北京市顺义区南彩镇后薛各庄村委会北200米
22200015,北京德云众康大药房有限责任公司,顺义区,北京市顺义区南彩镇河北村东路9号
22200014,北京德威治医药连锁有限责任公司顺义大药房,顺义区,北京市顺义区府前街东兴路9号楼北侧
22200013,北京达新康金象大药房有限公司,顺义区,北京市顺义区义宾小区北侧（五百和商业楼2号）
22200012,北京裕民路金象大药房有限公司,顺义区,北京市顺义区后沙峪镇香沁园小区2号楼1层105
22200011,北京市顺义医药药材公司杨镇医保全新大药房,顺义区,北京市顺义区杨镇二街村横街24号
22200010,北京永兴康金象大药房有限公司,顺义区,北京市顺义区仓上小区38-7#
22200009,北京市顺义医药药材公司瑞丰堂医保全新大药房,顺义区,北京市顺义区马坡镇向阳西街北侧
22200008,北京祥顺康医药有限公司药店,顺义区,北京市顺义区天竺镇南竺园一区乙1号楼04
22200007,北京顺批医药有限公司,顺义区,北京市顺义区马坡镇佳和宜园2号楼105室
22200006,北京市顺义医药药材公司瑞福堂医保全新大药房,顺义区,北京市顺义区石园小区26号楼南侧
22200005,北京市顺义医药药材公司瑞颐堂医保全新大药房,顺义区,北京市顺义区高丽营镇高丽营四村村委会东南500米
22200004,北京市顺义医药药材公司瑞林堂医保全新大药房,顺义区,北京市顺义区石园北区68号楼102号
22200003,北京市顺义医药药材公司瑞德堂医保全新大药房,顺义区,北京市顺义区北小营镇北小营村村委会北200米
22200002,北京市顺义医药药材公司南彩医保全新大药房,顺义区,北京市顺义区南彩镇南彩村村委会东500米
22200001,北京市顺义医药药材公司宏城医保全新大药房,顺义区,北京市顺义区宏城花园6号楼5单元101号
21200056,北京润竹大药房连锁有限公司南七家一分店,昌平区,北京市昌平区北七家镇南七家庄村306号
21200055,北京众博康健医药有限公司昌平天通苑店,昌平区,北京市昌平区东小口镇天通东苑三区56号楼九门一层
21200054,北京玉逸恒康大药房有限公司百善店,昌平区,北京市昌平区百善镇善缘嘉园商业附属用房4号1层
21200049,北京润竹大药房连锁有限公司第九分店,昌平区,北京市昌平区东小口镇天通苑小区东苑二区4号楼6单元101
21200048,北京润竹大药房连锁有限公司白坊分店,昌平区,北京市昌平区东小口镇白坊村东侧门面房D排3、4、5号
21200047,北京凯尔康大药房有限责任公司天通苑东三区分公司,昌平区,北京市昌平区东小口镇天通东苑二区19号楼1至2层14-101、15-101
21200046,北京健安堂药店有限公司六分店,昌平区,北京市昌平区回龙观镇天龙苑矩阵小区24号楼102
21200044,北京健安堂药店有限公司八分店,昌平区,北京市昌平区回龙观镇二拨子村东南
21200043,北京厚德安康天合堂医药有限公司,昌平区,北京市昌平区沙河镇巩华大街28号
21200042,北京高远百康大药房有限公司东环路分店,昌平区,北京市昌平区昌平镇新新公寓7号楼1号商业
21200041,北京安笑康大药房有限公司,昌平区,北京市昌平区沙河镇松兰堡村西临3号楼底商西起第三个门脸
21200039,北京普乐安康医药有限公司,昌平区,北京市昌平区昌平镇南环东路28号-11号
21200038,北京龙腾海升堂大药房有限责任公司,昌平区,北京市昌平区回龙观镇龙腾苑三区七号楼一层
21200037,北京广林金象大药房有限公司,昌平区,北京市昌平区阳坊镇西贯市村西一巷一号
21200035,北京健安堂药店有限公司三分店,昌平区,北京市昌平区回龙观镇龙禧苑五区北店嘉园22号底商
21200034,北京回龙观天保堂医药有限公司,昌平区,北京市昌平区回龙观镇回龙园东北门平房3号
21200033,北京同仁堂连锁药店有限责任公司辛庄桥西药店,昌平区,北京市昌平区北清路中关村国际商城永旺购物中心一层
21200032,北京同仁堂连锁药店有限责任公司天通花苑药店,昌平区,北京市昌平区东小口镇天通苑五区商业楼(西单商场天通苑购物中心一层东北侧大厅）
21200031,北京昌药医药连锁经营有限公司树仁草堂大药房,昌平区,北京市昌平区南口镇南大街214号
21200028,北京仁宁堂大药房有限公司二分店,昌平区,北京市昌平区东小口镇天鑫家园6号楼1层
21200027,北京瑞氏堂医药有限公司,昌平区,北京市昌平区回龙观镇流星花园C区9#楼底商
21200025,北京西贯市金象大药房有限公司,昌平区,北京市昌平区阳坊镇西贯市村（商业街西口第10间）
21200024,北京德康金象大药房有限公司天通苑药店,昌平区,北京市昌平区东小口镇天通东苑一区33号楼6单元102号
21200020,北京健安堂药店有限公司,昌平区,北京市昌平区回龙观镇龙华园15号楼东三门1层
21200018,北京博爱康诚润竹大药房有限公司,昌平区,北京市昌平区回龙观镇金榜园小区公建A南侧
21200012,北京金象大药房医药连锁有限责任公司汤立路金象大药房,昌平区,北京市昌平区东小口镇天通苑小区一区1号楼203B312号
21200011,北京养生堂药店有限公司文华东路药店,昌平区,北京市昌平区回龙观镇文华东路32号楼1层101号
21200010,北京好得快医药有限公司第十大药房,昌平区,北京市昌平区鼓楼南大街24号
21200009,叮当智慧药房（北京）有限公司第十三店,昌平区,北京市昌平区昌平镇西环路南段钰阳商业楼1层C座
21200008,北京昌药医连锁经营有限公司济善堂大药房,昌平区,北京市昌平区昌平镇东关北路北京手表厂院南侧底商1号
21200007,北京同仁堂京康医药有限公司,昌平区,北京市昌平区回龙观东大街3号楼02号
21200005,北京昌药医药连锁经营有限公司南口药店,昌平区,北京市昌平区南口镇兴隆街2号
21200004,北京同仁堂京北企业管理有限公司昌平店,昌平区,北京市昌平区东关昌崔路201-04号
21200003,北京昌药医药连锁经营有限公司昌平药店,昌平区,北京市昌平区昌平镇鼓楼西街5-01到5-5号
21200002,北京泊远堂金象大药房有限责任公司,昌平区,北京市昌平区天通苑小区东三区2号楼
21200001,北京昌药医药连锁经营有限公司济弘堂大药房,昌平区,北京市昌平区昌平镇宁馨苑15号楼
14200003,北京汤山纯信堂药品销售有限责任公司,昌平区,北京市昌平区小汤山镇小汤山村市场街150号
14200002,北京昌药医药连锁经营有限公司济民堂大药房,昌平区,北京市昌平区昌平镇东关商贸楼1至3层5（1-2层）
14200001,北京昌药医药连锁经营有限公司济仁堂大药房,昌平区,昌平区城区镇北环路3号
13200004,北京市裕龙鑫顺医药有限公司,顺义区,北京市顺义区裕龙花园四区17号楼03-04号
13200003,北京同仁堂国恩药店有限公司,顺义区,北京市顺义区仁和镇幸福西区2号楼101
13200002,北京市顺义医药药材公司盈康医保全新大药房,顺义区,北京市顺义区新顺南大街
13200001,北京市顺义医药药材公司全康医保全新大药房,顺义区,北京市顺义区仁和镇胜利小区20号楼六单元101
12200004,北京同仁堂连锁药店有限责任公司梨园街药店,通州区,北京市通州区梨园镇政府大街群芳三园23号楼
12200003,北京盛仁堂医药有限公司,通州区,北京市通州区车站路36号
12200002,北京医药通州医药公司第一营业厅,通州区,通州区玉桥中路43号
12200001,北京同仁堂连锁药店有限责任公司通州药店,通州区,北京市通州区新华东街250号
11200045,嘉事堂药业股份有限公司北京张坊药店,房山区,北京市房山区张坊镇张坊村南欣街1号
11200044,嘉事堂药业股份有限公司北京兴月三里药店,房山区,北京市房山区良乡行宫园二里14号楼一层106号
11200043,北京馨恒康大药房有限责任公司,房山区,北京市房山区拱辰街道拱辰大街51号
11200042,北京众生惠康大药房有限公司,房山区,北京市房山区燕山东风街5号
11200041,北京医保中洋大药房有限公司燕山分店,房山区,北京市房山区燕山迎风南路甲6号
11200040,北京仁德益医药连锁有限公司瑞雪春药店,房山区,北京市房山区瑞雪春堂二里7号1层102-103
11200039,北京仁德益医药连锁有限公司南区兴礼药店,房山区,北京市房山区琉璃河镇兴礼村南区74号
11200038,北京仁德益医药连锁有限公司官道药店,房山区,北京市房山区良乡镇官道村北大街10号北侧
11200037,北京康兴国太民安医药有限公司,房山区,北京市房山区良乡文化路21号院1号楼102号
11200036,北京康达惠民大药房有限公司,房山区,北京市房山区燕山岗南路东一巷2号
11200035,北京广德康大药房有限责任公司大宁山庄店,房山区,北京市房山区长阳镇大宁山庄二区6号楼二层207室
11200034,北京高远百康大药房有限公司西潞园分店,房山区,北京市房山区良乡西潞北大街63号院1号楼-4门
11200033,嘉事堂药业股份有限公司北京圣福兴药店,房山区,北京市房山区房山城关北大街6号
11200032,嘉事堂药业股份有限公司北京十渡药店,房山区,北京市房山区十渡镇十渡村
11200029,嘉事堂药业股份有限公司北京北潞园药店,房山区,北京市房山区良乡北潞园小区北潞春E7楼
11200028,北京仁德益医药连锁有限公司坨里药店,房山区,北京市房山区青龙湖镇坨里村北大街东侧
11200025,北京甘霖堂大药房,房山区,北京市房山区拱辰街道昊天大街188号
11200024,北京瑞圣渲大药房有限公司,房山区,北京市房山区长阳镇昊天北大街48号218-1号楼203房
11200023,北京永和堂药店,房山区,北京市房山区良乡北秀街2号
11200022,北京乐普护生堂网络科技有限公司第三药店,房山区,北京市房山区长沟镇长沟大街西里2号楼103底商
11200021,北京仁德益医药连锁有限公司琉璃河药店,房山区,北京市房山区琉璃河镇火车站前街
11200019,北京进一步药店,房山区,北京市房山区拱辰街道纸房村362号
11200017,北京正济堂药品连锁超市有限责任公司燕迎城店,房山区,北京市房山区燕山迎风街35号
11200016,北京仁德益医药连锁有限公司政通平康药店,房山区,北京市房山区拱辰街道政通路2号院1号楼底商13号
11200015,嘉事堂药业股份有限公司北京河北镇药店,房山区,北京市房山区河北镇河南村
11200014,北京兴民堂医药有限公司,房山区,北京市房山区拱辰街道梅花庄村5号楼一层
11200011,北京同仁堂连锁药店有限责任公司房山药店,房山区,北京市房山区城关北大街9号
11200010,北京仁德益医药连锁有限公司青龙湖西街药店,房山区,北京市房山区青龙湖镇坨里大街55号内3号一层北侧
11200009,北京仁德益医药连锁有限公司官庄药店,房山区,北京市房山区琉璃河镇官庄村市场对面
11200008,北京仁德益医药连锁有限公司良乡药店,房山区,北京市房山区良乡体育场路6号体育局培训中心1号楼底商3号
11200007,北京同仁堂连锁药店有限责任公司燕山药店,房山区,北京市房山区燕山星城紫燕中路5号北侧
11200005,北京正济堂药品连锁超市有限责任公司燕阳城店,房山区,北京市房山区燕山向阳路58号
11200004,北京永生堂医药连锁有限公司第二药店,房山区,北京市房山区房山南大街26号
11200003,嘉事堂药业股份有限公司北京阎村药店,房山区,北京市房山区阎村镇大董村路口
11200002,嘉事堂药业股份有限公司北京兴月平安药店,房山区,北京市房山区房山兴房大街6号
11200001,北京永生堂医药连锁有限公司第一药店,房山区,北京市房山区良乡地区拱辰南大街2号
09200011,北京医保中洋大药房有限公司新桥分店,门头沟区,北京市门头沟区惠民家园二区26号楼底商104-2号
09200010,北京同仁堂善和医药有限公司,门头沟区,北京市门头沟区门头沟路1-2号
09200009,北京同仁堂京西药店有限公司,门头沟区,北京市门头沟区冯石环路6号院3号楼一层L108A号商铺
09200007,北京市弘济药店有限公司第九分店,门头沟区,北京市门头沟区龙门新区2区
09200006,北京京西善和医药投资有限公司石门营店,门头沟区,北京市门头沟区石门营新区6区7号楼底商
09200005,北京高远百康大药房有限公司梧桐汇分店,门头沟区,北京市门头沟区龙兴南二路5号院1号楼1层102、103
09200004,北京同仁堂善和医药有限公司大峪药店,门头沟区,北京市门头沟区新桥大街74号
09200003,北京达因仁大药房,门头沟区,北京市门头沟区双峪路4号
09200002,北京灵泰药店第一分店,门头沟区,北京市门头沟区滨河承泽苑2号楼底商1层7-7、7-8、7-9、7-10
08200144,仁和药房网（北京）医药科技有限公司第五药房,海淀区,北京市海淀区万泉河南区稻香园小区20号楼南侧平房
08200143,仁和药房网（北京）医药科技有限公司第二药房,海淀区,北京市海淀区中关村大街37号
08200142,叮当智慧药房（北京）有限公司第三十九店,海淀区,北京市海淀区双泉堡125号院1号楼1层
08200141,叮当智慧药房（北京）有限公司第七店,海淀区,北京市海淀区远大园六区沿街商场一层西段101号
08200140,北京茗医堂大药房有限公司,海淀区,北京市海淀区上地信息路38号数码大厦B座一层
08200139,北京众生堂药店有限公司,海淀区,北京市海淀区永泰西里30号楼一层108号
08200138,北京皂君庙金象大药房有限公司,海淀区,北京市海淀区大柳树路2号2号住宅楼地上商业9号
08200137,北京颐乐堂医保全新大药房有限公司,海淀区,北京市海淀区清华东路2号28号科贸楼D-106号
08200136,北京医保中洋大药房有限公司永定路分店,海淀区,北京市海淀区永定路31号平房
08200135,北京养生堂佗兴堂药店有限公司上地十街分公司,海淀区,北京市海淀区上地十街1号院2号楼(B57号)
08200134,北京养生堂佗兴堂药店有限公司,海淀区,北京市海淀区万树园小区26号楼42号
08200133,北京养生堂药店有限公司万寿路药店,海淀区,北京市海淀区万寿路14号1层
08200132,北京养生堂同道堂药店有限公司,海淀区,北京市海淀区会城门东路12号
08200131,北京养生堂平骥堂药店有限责任公司,海淀区,北京市海淀区华清嘉园小区20号楼101号
08200130,北京学院路金象大药房有限责任公司,海淀区,北京市海淀区学院路建清园小区3号楼一层
08200129,北京新兴德胜连锁药房有限公司西三旗店,海淀区,北京市海淀区西三旗建材城中路1号甲7号楼一层2号
08200128,北京同仁堂连锁药店有限责任公司西站北广场药店,海淀区,北京市海淀区莲花池东路31号中裕世纪大酒店一层
08200127,北京同仁堂连锁药店有限责任公司高粱桥药店,海淀区,北京市海淀区高粱桥斜街59号B座04号
08200126,北京同仁堂连锁药店有限责任公司北太平庄药店,海淀区,北京市海淀区北太平庄路18号C101、C102-03
08200125,北京同仁堂京北企业管理有限公司上地药店,海淀区,北京市海淀区上地西路41号院1号楼B003
08200124,北京同仁堂京北企业管理有限公司航天城店,海淀区,北京市海淀区友谊路102号院16-19号楼底商17号
08200123,北京世代金象大药房,海淀区,北京市海淀区花园路1号27楼一层
08200122,北京开心人大药房有限公司阜成路店,海淀区,北京市海淀区甘家口阜光里8号楼底商
08200121,北京金象大药房医药连锁有限责任公司辛店金象大药房,海淀区,北京市海淀区西北旺镇辛店村燕保·辛店家园6号楼一层102号
08200120,北京金象大药房医药连锁有限责任公司后沙涧金象大药房,海淀区,北京市海淀区苏家坨镇同泽园西里1号楼10号
08200119,北京嘉事堂连锁药店有限责任公司永丰药店,海淀区,北京市海淀区上庄商业楼一层
08200118,北京嘉事堂连锁药店有限责任公司永德康正药店,海淀区,北京市海淀区温泉街138号一区6号平房
08200117,北京嘉事堂连锁药店有限责任公司温阳路药店,海淀区,北京市海淀区温泉镇西颐小区院内平房
08200116,北京嘉事堂连锁药店有限责任公司红旗村药店,海淀区,北京市海淀区香山红旗村318路车站旁
08200115,北京嘉事堂连锁药店有限责任公司广通苑药店,海淀区,北京市海淀区广通苑小区4号楼
08200114,北京弘景堂大药房有限公司海淀第三分店,海淀区,北京市海淀区红联北村甲6号
08200113,北京国大药房连锁有限公司大运村连锁店,海淀区,北京市海淀区知春路17号商业、车库一层003
08200112,北京广德康大药房有限责任公司彰化路店,海淀区,北京市海淀区四季青乡曙光花园甲14号F116室
08200111,北京高远百康大药房有限公司远大路分店,海淀区,北京市海淀区远大园四区甲1号楼一层4号
08200110,北京高远百康大药房有限公司学院路分店,海淀区,北京市海淀区学院路6号1号楼1层A还建13号
08200109,北京东升天保堂连锁药店有限公司牡丹园店,海淀区,北京市海淀区花园北路皮革学校西南侧服务楼二层
08200108,北京达慧堂医药有限责任公司海淀第五分店,海淀区,北京市海淀区学院南路72号2号楼首层南侧
08200107,北京达慧堂医药有限责任公司海淀第十三分店,海淀区,北京市海淀区四季青乡营会寺金雅苑6号楼101
08200106,北京达慧堂医药有限责任公司海淀第三分店,海淀区,北京市海淀区海淀路19-2号1层东侧
08200105,北京达慧堂医药有限责任公司海淀第二分店,海淀区,北京市海淀区水磨新区37号
08200104,北京达慧堂医药有限责任公司,海淀区,北京市海淀区香山门头村京香花园216号一层
08200103,北京百济堂药品超市有限责任公司新都利康分店,海淀区,北京市海淀区建材城西二里23号1层商业08
08200102,北京百济堂药品超市有限责任公司清河分店,海淀区,北京市海淀区清河永泰园甲1号8号楼1层
08200101,北京百济堂药品超市有限责任公司海淀小营分店,海淀区,北京市海淀区清河小营（雄狮机械厂）4幢1层406室
08200100,北京同仁堂连锁药店有限责任公司世纪城药店,海淀区,北京市海淀区远大路1号北京燕莎友谊商城有限公司金源店1层
08200099,北京恒创天保堂医药有限公司,海淀区,北京市海淀区皂君庙14号院1号楼1层105室
08200098,北京天天好大药房有限公司远大路药店,海淀区,北京市海淀区蓝靛厂金夕园甲1号2段一层西侧第一间
08200097,北京同仁堂四通桥药店有限责任公司,海淀区,北京市海淀区北三环西路47号乙1号
08200096,北京同仁堂连锁药店有限责任公司中关村北大街药店,海淀区,北京市海淀区清华大学34区南平房
08200095,北京高远百康大药房有限公司西北旺分店,海淀区,北京市海淀区西北旺傅家窑桥南平房
08200094,北京德厚康医药有限责任公司清河大药房,海淀区,北京市海淀区学府树家园3号楼3-5号商铺
08200093,北京好得快医药有限公司第十七大药房,海淀区,北京市海淀区西直门北大街47号院2号楼一层
08200092,北京嘉事堂连锁药店有限责任公司百朗园药店,海淀区,北京市海淀区永定路西里2号楼一层
08200091,北京嘉事堂连锁药店有限责任公司万柳药店,海淀区,北京市海淀区万柳阳春光华家园11号楼2门103
08200089,北京市佳乐安泰医药有限公司,海淀区,北京市海淀区高粱桥路上园村3号
08200087,北京宏瑞堂大药房,海淀区,北京市海淀区紫成嘉园17号楼首层1单元101底商
08200085,北京荣英堂大药房,海淀区,北京市海淀区西四环北路117号金四季购物中心一、二层北侧
08200084,北京爱心伟业大药房有限公司一店,海淀区,北京市海淀区北洼路64号平房
08200083,北京同仁堂连锁药店有限责任公司西站药店,海淀区,北京市海淀区羊坊店路17号平房
08200081,北京嘉事堂连锁药店有限责任公司蓝靛厂药店,海淀区,北京市海淀区蓝靛厂居住区（世纪城三期）时雨园甲2号21单元
08200076,北京嘉事堂连锁药店有限责任公司半壁店药店,海淀区,北京市海淀区田村路39号4号楼
08200075,北京新兴德胜连锁药房有限公司韩家川店,海淀区,北京市海淀区西北旺镇韩家川村51号平房
08200073,北京嘉事堂连锁药店有限责任公司恩济庄药店,海淀区,北京市海淀区恩济庄96号
08200070,北京德信行医保全新大药房有限公司怡秀园店,海淀区,北京市海淀区小南庄怡秀园综合楼
08200069,北京国大药房连锁有限公司宏嘉丽苑连锁店,海淀区,北京市海淀区罗庄宏嘉丽园第三幢首层08号
08200068,叮当智慧药房（北京）有限公司第二十七店,海淀区,北京市海淀区羊坊店东路120号3号、4号平房
08200067,叮当智慧药房（北京）有限公司第十五店,海淀区,北京市海淀区东北旺东馨园小区十号楼前商业房
08200066,北京好得快医药有限公司第一大药房,海淀区,北京市海淀区西直门北大街甲1号1层
08200065,北京德信行医保全新大药房有限公司北航路店,海淀区,北京市海淀区北四环中路252-7号
08200064,北京德信行医保全新大药房有限公司增光路店,海淀区,北京市海淀区增光路37号中海馥园三号楼底商1C号
08200063,北京德信行医保全新大药房有限公司西翠路店,海淀区,北京市海淀区西翠路5号今日家园7号楼底商东侧
08200062,北京国大药房连锁有限公司金沟河连锁店,海淀区,北京市海淀区金沟河路10号院1号楼一层
08200061,北京国大药房连锁有限公司永泰宝盛连锁店,海淀区,北京市海淀区宝盛里37号楼一层底商
08200060,北京国大药房连锁有限公司太月园连锁店,海淀区,北京市海淀区罗庄西里13号楼1层
08200058,北京养生堂药店有限公司中关村南路药店,海淀区,北京市海淀区中关村南路21号
08200057,北京养生堂药店有限公司小西天药店,海淀区,北京市海淀区志强园8号楼地上一层
08200056,北京养生堂药店有限公司蓟门桥药店,海淀区,北京市海淀区西土城路13号北京蓟门文体招待所西侧
08200055,北京嘉事堂连锁药店有限责任公司玉泉路药店,海淀区,北京市海淀区复兴路48号楼一层
08200054,北京嘉事堂连锁药店有限责任公司普惠桥药店,海淀区,北京市海淀区普惠北里18号
08200053,北京嘉事堂连锁药店有限责任公司四季青药店,海淀区,北京市海淀区昆明湖南路11号1号楼一层101号
08200052,北京同仁堂京北企业管理有限公司清河店,海淀区,北京市海淀区清河力度家园G座1层101、102号
08200051,北京同仁堂京北企业管理有限公司颐和园路药店,海淀区,北京市海淀区颐和园宫门前街1号89至91幢平房
08200050,北京同仁堂连锁药店有限责任公司牡丹园药店,海淀区,北京市海淀区花园路2号翠微大厦一层东侧
08200049,北京同仁堂京北企业管理有限公司西二旗店,海淀区,北京市海淀区西二旗中路6号二区15号楼一层底商
08200048,北京同仁堂京北企业管理有限公司永定路店,海淀区,北京市海淀区永定路乙1号14号楼41号
08200047,北京同仁堂连锁药店有限责任公司北京同仁堂时珍药店,海淀区,北京市海淀区新科祥园4号楼1层03、04室
08200046,北京福鸿金象大药房,海淀区,北京市海淀区交通大学路1号院6-3
08200045,北京阜成金象大药房有限责任公司,海淀区,北京市海淀区阜成路北九楼1号平房
08200044,北京金象大药房医药连锁有限责任公司魏公村金象大药房,海淀区,北京市海淀区中关村南大街24号6号楼一层
08200043,北京金象大药房医药连锁有限责任公司上园金象大药房,海淀区,北京市海淀区高梁桥路上园村甲4号写字楼1层1号
08200042,北京金象大药房医药连锁有限责任公司万丰路金象大药房,海淀区,北京市海淀区万丰路18-10号
08200036,北京德信行医保全新大药房有限公司会城门店,海淀区,北京市海淀区北蜂窝铁路东宿舍20号楼
08200034,方寸泉香（北京）科技有限公司大药房分店,海淀区,北京市海淀区田村山南路9号田村山庄1号楼一层
08200031,北京同仁堂连锁药店有限责任公司清华园药店,海淀区,北京市海淀区清华大学照澜院商业区
08200030,北京德信行医保全新大药房有限公司保福寺店,海淀区,北京市海淀区中关村甲334号楼76号底商
08200013,北京禧来康医院管理有限公司大药房,海淀区,北京市海淀区安宁庄西路9号院15号楼6-102
08200002,北京济安堂药店有限公司,海淀区,北京市海淀区华清嘉园8号楼
07200030,嘉事堂药业股份有限公司北京五里坨药店,石景山区,北京市石景山区五里坨（商业楼一楼）
07200029,北京金象大药房医药连锁有限责任公司古城金象大药房,石景山区,北京市石景山区古城路一号楼一层
07200028,北京健益堂大药房有限责任公司,石景山区,北京市石景山区石景山路24号南楼一层2号
07200027,北京时珍堂金鹿大药房有限公司,石景山区,北京市石景山区玉泉路65号（平房)
07200026,嘉事堂药业股份有限公司北京模式口药店,石景山区,北京市石景山区模式口西里商贸楼一层
07200025,嘉事堂药业股份有限公司北京八大处药店,石景山区,北京市石景山区西下庄商业楼一层
07200024,嘉事堂药业股份有限公司北京永乐药店,石景山区,北京市石景山区永乐西小区（原供销社）
07200023,嘉事堂药业股份有限公司北京金顶街西口药店,石景山区,北京市石景山区金顶街（星石超市内）
07200021,北京利民惠友堂药店有限公司,石景山区,北京市石景山区古城北路（物资局东侧）
07200020,北京顺安堂大药房有限公司,石景山区,北京市石景山区八宝山南路重兴嘉园4号楼101
07200018,北京乐顺堂大药房有限公司,石景山区,北京市石景山区八宝山永乐小区永乐粮店
07200016,北京市弘济药店有限公司第三分店,石景山区,北京市石景山区杨庄北区52号楼1层52-9
07200015,北京诚安堂医药有限公司八角北里店,石景山区,北京市石景山区八角北里实验小学对面平房9-15
07200014,北京诚安堂医药有限公司十万平店,石景山区,北京市石景山区十万平（十万平百货商场南侧）
07200013,北京金象大药房医药连锁有限责任公司老山西里金象大药房,石景山区,北京市石景山区老山路1号 
07200009,北京同仁堂连锁药店有限责任公司古城药店,石景山区,北京市石景山区古城南路32号
07200007,北京金象大药房医药连锁有限责任公司鲁谷金象大药房,石景山区,北京市石景山区鲁谷路八厂宿舍楼底商
07200005,嘉事堂药业股份有限公司北京苹果园药店,石景山区,北京市石景山区苹果园三区京石塑料厂3号、4号平房
07200004,北京嘉事堂连锁药店有限责任公司八角北路药店,石景山区,北京市石景山区八角北路甲18号楼一层
07200003,北京嘉事堂连锁药店有限责任公司古城路药店,石景山区,北京市石景山区古城南路1号楼1层
07200002,北京诚安堂医药有限公司,石景山区,北京市石景山区老山东里
07200001,北京市弘济药店有限公司益德堂分店,石景山区,北京市石景山区杨庄东街87-7
06200086,嘉事堂药业股份有限公司北京嘉事堂东高地药店,丰台区,北京市丰台区东高地六营门梅园小区44楼104号
06200085,嘉事堂药业股份有限公司北京嘉事堂东草药店,丰台区,北京市丰台区东高地南街3号
06200084,北京云芝堂鑫黄浦医药有限公司,丰台区,北京市丰台区造甲南里11号楼2-4与L-G轴1层
06200083,北京永民康医药技术有限公司第十九零售药店,丰台区,北京市丰台区马家堡东路101号院1号楼1层1-5、1-6
06200082,北京医保中洋大药房有限公司六里桥分店,丰台区,北京市丰台区华源一里5号楼第一层东侧
06200081,北京同仁堂润丰医药有限公司槐房药店,丰台区,北京市丰台区槐房南路6号院槐房万达广场2层2002
06200080,北京同仁堂连锁药店有限责任公司方庄南路药店,丰台区,北京市丰台区左安门外成寿寺四方景园二区6-1号商铺
06200079,北京天安堂医药有限公司,丰台区,北京市丰台区西四环南路32号楼
06200078,北京市弘济药店有限公司小屯分店,丰台区,北京市丰台区小屯路9号
06200077,北京临泓路金象大药房有限公司,丰台区,北京市丰台区临泓路31号院1号楼底商26-27号
06200076,北京华海康医药有限公司,丰台区,北京市丰台区右外大街玉林东里1号楼4门
06200075,北京厚德安康医药有限公司丰台南宫店,丰台区,北京市丰台区王佐镇长青路109号-12号
06200074,北京国大药房连锁有限公司丰益桥连锁店,丰台区,北京市丰台区丰管路甲52号院1号楼1层103号
06200073,北京高远百康健康大药房有限公司,丰台区,北京市丰台区西罗园路二区体育场北侧平房
06200072,北京高远百康广生堂大药房有限公司六里桥分店,丰台区,北京市丰台区莲花池南里甲1号楼底商6-8号
06200071,北京高远百康广生堂大药房有限公司光彩北路分店,丰台区,北京市丰台区马公庄4号楼一层-1
06200070,北京高远百康大药房有限公司五里店分店,丰台区,北京市丰台区五里店260号23楼一层西侧
06200069,北京福庆堂医药有限责任公司菜户营药店,丰台区,北京市丰台区菜户营三路居88号院11号楼12门
06200068,北京东升天保堂连锁药店有限公司马家堡东路店,丰台区,北京市丰台区马家堡东路108号院9号楼1层103
06200067,北京鼎好康泰医药有限公司,丰台区,北京市丰台区长辛店朱家坟第二粮店
06200066,北京鼎好康盛大药房,丰台区,北京市丰台区长辛店镇太子峪村紫峪嘉园一号楼一层
06200065,北京博宇爱心医药有限责任公司,丰台区,北京市丰台区和义东里6区1号楼楼下
06200064,北京马家堡天安堂医药有限公司,丰台区,北京市丰台区马家堡西路32号1号楼1号商铺
06200063,北京天保堂大药房,丰台区,北京市丰台区角门路14号院15号楼（商业楼）
06200062,北京金象大药房医药连锁有限责任公司爱康金象大药房,丰台区,北京市丰台区南苑李家庄4号1、2号平房
06200061,北京天罡普仁医药技术开发有限责任公司南苑大药房,丰台区,北京市丰台区南苑北里一区11号楼一层
06200060,北京嘉事堂连锁药店有限责任公司怡海康药店,丰台区,北京市丰台区科学城邻枫路3号院1号楼底商
06200059,北京诚安堂医药有限公司丰葆路店,丰台区,北京市丰台区富锦嘉园2区9号综合服务楼
06200058,北京世纪本草济世安康大药房有限责任公司,丰台区,北京市丰台区青塔东里七号院10号楼底商
06200057,北京嘉致堂医药有限公司,丰台区,北京市丰台区镇国寺北街4号院13号楼一层1-2号
06200056,北京七福堂大药房有限责任公司,丰台区,北京市丰台区右安门外翠林小区3里8号一层
06200055,北京百姓阳光大药房有限公司方庄店,丰台区,北京市丰台区方庄路1号楼
06200053,北京鑫和淼大药房有限公司,丰台区,北京市丰台区成寿寺中路2号2号楼7-101
06200049,北京市丰台云岗百货商场金象大药房,丰台区,北京市丰台区云岗南区西里1号
06200048,北京高远百康大药房有限公司丰管路分店,丰台区,北京市丰台区丰管路16号9号楼1010室
06200044,北京天罡普仁医药技术开发有限责任公司石榴园大药房,丰台区,北京市丰台区石榴园南里37号楼商业1B号
06200043,北京天罡普仁医药技术开发有限责任公司东高地大药房,丰台区,北京市丰台区东高地万源南里29栋旁
06200037,北京金象大药房医药连锁有限责任公司六里桥金象大药房,丰台区,北京市丰台区太平桥西里29号楼1层1-2-20-1及-2
06200036,北京同仁堂连锁药店有限责任公司刘家窑药店,丰台区,北京市丰台区刘家窑恒松园小区7号楼一层
06200035,仁和药房网（北京）医药科技有限公司第八药房,丰台区,北京市丰台区东大街8号
06200034,北京同仁堂连锁药店有限责任公司光彩路药店,丰台区,北京市丰台区石榴庄西街光彩路66院6号楼03号
06200033,北京同仁堂连锁药店有限责任公司三营门药店,丰台区,北京市丰台区南苑北里二区六号楼
06200032,北京金象大药房医药连锁有限责任公司天利金象大药房,丰台区,北京市丰台区草桥东路9号
06200031,北京长辛店鑫兴金象大药房有限责任公司,丰台区,北京市丰台区长辛店崔村152号
06200030,北京德信行医保全新大药房有限公司赵公口店,丰台区,北京市丰台区石榴园北里49号
06200028,仁和药房网（北京）医药科技有限公司第二十一药房,丰台区,北京市丰台区大灰厂村464号
06200026,叮当智慧药房（北京）有限公司,丰台区,北京市丰台区马家堡西路角门西里29号
06200025,北京太和保兴大药房有限公司,丰台区,北京市丰台区方庄芳群园二区12-1号
06200024,北京叮当智慧怡海大药房,丰台区,北京市丰台区科学城帝京路1号帝京花园C1座
06200019,北京金卫金象大药房有限责任公司,丰台区,北京市丰台区刘家窑定安西里22号一层
06200008,北京玉泉平安金象大药房有限公司,丰台区,北京市丰台区小屯路甲6号濠镜大楼一层
06200007,仁和药房网（北京）医药科技有限公司第一药房,丰台区,北京市丰台区右安门外东头条北侧迦南公寓C座7-8轴
06200006,北京同仁堂南三环中路药店有限公司,丰台区,北京市丰台区南三环中路20号
06200004,北京信海科园大药房有限公司,丰台区,北京市丰台区韩庄子二里20号楼一层
06200003,北京金象大药房医药连锁有限责任公司洋桥金象大药房,丰台区,北京市丰台区马家堡东路2号一层中102
06200002,北京牡丹苑金象大药房,丰台区,北京市丰台区方庄芳城园三区19号楼1层8号
05200213,新龙药业集团京芝堂（北京）医药连锁有限公司大郊亭店,朝阳区,北京市朝阳区广渠路21号3号楼1层—02
05200212,新龙药业集团京芝堂（北京）医药连锁有限公司朝阳三间房店,朝阳区,北京市朝阳区新房路3号院2号楼1层128
05200211,新龙药业集团京芝堂（北京）医药连锁有限公司朝阳朝外店,朝阳区,北京市朝阳区吉庆里6号楼103号
05200210,新龙药业集团京芝堂（北京）医药连锁有限公司百子湾店,朝阳区,北京市朝阳区百子湾西里101号楼1层商业H
05200209,嘉事堂药业股份有限公司北京团结湖药店,朝阳区,北京市朝阳区团结湖路34号
05200208,嘉事堂药业股份有限公司北京顺源里药店,朝阳区,北京市朝阳区左家庄顺源里13号楼一层
05200207,嘉事堂药业股份有限公司北京康静里药店,朝阳区,北京市朝阳区康静里20号楼一层
05200206,嘉事堂药业股份有限公司北京工体路药店,朝阳区,北京市朝阳区工体西里6号楼一层
05200205,叮当智慧药房（北京）有限公司第五店,朝阳区,北京市朝阳区太阳宫芍药居2号院甲1号楼东侧一层
05200204,叮当智慧药房（北京）有限公司第三十一店,朝阳区,北京市朝阳区雅成二里2号楼1层商业22
05200203,叮当智慧药房（北京）有限公司第三十五店,朝阳区,北京市朝阳区东坝中路京奥家园28号楼102号
05200202,北京麟康利民医药有限公司,朝阳区,北京市朝阳区白家庄西里24号1幢
05200201,北京鑫康济堂大药房有限公司八分店,朝阳区,北京市朝阳区建东苑27号楼01层商业内2号
05200200,北京泽润堂广外药店有限公司,朝阳区,北京市朝阳区黄厂南里2号院18号楼1至2层06
05200199,北京源通百姓平安广仁堂大药房有限公司,朝阳区,北京市朝阳区金蝉南里4号楼-1至1层17
05200198,北京永裕大药房有限公司,朝阳区,北京市朝阳区广渠路28号205号楼1层205-北126
05200197,北京益通堂百子湾医药有限公司,朝阳区,北京市朝阳区百子湾路32号院1号楼002商铺
05200196,北京医保全新大药房有限责任公司望京店,朝阳区,北京医保全新大药房有限责任公司望京店
05200195,北京医保全新大药房有限责任公司京顺东街店,朝阳区,北京市朝阳区京顺东街6号院2号楼1层108-1
05200194,北京医保全新大药房有限责任公司京客隆店,朝阳区,北京市朝阳区甜水园北里16号楼京客隆商厦内
05200193,北京壹壹壹商业连锁有限公司望京西分店,朝阳区,北京市朝阳区南湖西园216号楼一层69-70
05200192,北京壹壹壹商业连锁有限公司宏泰东街分店,朝阳区,北京市朝阳区望京东园七区8号楼8-42号
05200191,北京一诺初心世纪商贸有限公司通惠河店,朝阳区,北京市朝阳区高碑店乡高碑店新村北里175号
05200190,北京养生堂药店有限公司北沙滩药店,朝阳区,北京市朝阳区北沙滩6号院3号楼01层3-2
05200189,北京养生堂福春药店有限公司,朝阳区,北京市朝阳区太阳宫火星园10号楼1层106
05200188,北京燕京大药房,朝阳区,北京市朝阳区管庄乡1号
05200187,北京望京堂金象大药房有限公司,朝阳区,北京市朝阳区望京西园402号
05200186,北京万民阳光大药房有限公司望京店,朝阳区,北京市朝阳区望京西路53号楼1至2层105（1层）
05200185,北京同仁堂润丰医药有限公司霄云路药店,朝阳区,北京市朝阳区霞光里30号院5号楼5-1
05200184,北京同仁堂润丰医药有限公司利泽西街药店,朝阳区,北京市朝阳区利泽西街8号院2号楼104、105、108
05200183,北京同仁堂润丰医药有限公司东坝药店,朝阳区,北京市朝阳区和敬路4号院6号楼1层(01)6-2
05200182,北京同仁堂润丰医药有限公司,朝阳区,北京市朝阳区望京阜荣街15号院2号楼1层商业11
05200181,北京同仁堂亮马河药店有限公司朝阳区一分店,朝阳区,北京市朝阳区亮马桥路46号1层101
05200180,北京同仁堂京北企业管理有限公司朝阳北路药店,朝阳区,北京市朝阳区朝阳北路145号仁和立大厦101号
05200179,北京同仁堂京北企业管理有限公司北苑东路药店,朝阳区,北京市朝阳区来广营乡朝来绿色家园广华居18、19号楼一层底商
05200178,北京同仁堂京北企业管理有限公司北沙滩药店,朝阳区,北京市朝阳区双泉堡（松鹤服装厂）1幢
05200177,北京同仁堂大望桥药店有限公司,朝阳区,北京市朝阳区建国路88号现代城D座S-0301号
05200176,北京同仁堂北苑双营药店有限责任公司望京药店,朝阳区,北京市朝阳区花家地1号楼1至2层102
05200175,北京同仁堂北苑双营药店有限责任公司,朝阳区,北京市朝阳区双营路11号院4号楼1层4-3
05200174,北京天润康医药科技有限公司双花园分公司,朝阳区,北京市朝阳区双花园南里二区9号楼1层01号
05200173,北京天惠金象大药房有限公司,朝阳区,北京市朝阳区小红门乡成寿寺路六十六号楼一层
05200172,北京天保堂医药有限公司天保堂弘燕药店,朝阳区,北京市朝阳区周庄嘉园东里1号楼1层商业内1号底商
05200171,北京寿春堂药店,朝阳区,北京市朝阳区花家地西里117楼一层
05200170,北京市京芝堂东旭大药房,朝阳区,北京市朝阳区双会路东旭花园商业中心首层
05200169,北京世纪本草大药房有限责任公司大屯店,朝阳区,北京市朝阳区安慧北里逸园甲11号楼102号
05200168,北京三十六号医药有限公司,朝阳区,北京市朝阳区朝阳路19号馨岛苑北侧2号
05200167,北京仟草堂大药房有限责任公司,朝阳区,北京市朝阳区东三环南路54号院甲9号楼1层104
05200166,北京千鹤金象大药房有限责任公司,朝阳区,北京市朝阳区惠新北里16号楼1层
05200165,北京普惠堂大药房有限公司,朝阳区,北京市朝阳区南十里居30号楼底商
05200164,北京普安法玛西医药有限公司双井大药房,朝阳区,北京市朝阳区广渠门外大街一号院9号楼商业6号
05200163,北京普安法玛西医药有限公司青年路药房,朝阳区,北京市朝阳区青年路西里2号院6号楼商业A102
05200162,北京普安法玛西医药有限公司广顺北大街大药房,朝阳区,北京市朝阳区望京望京商业街（南区）1层B13a
05200161,北京普安法玛西医药有限公司第一分店,朝阳区,北京市朝阳区利泽西园望馨园小区8号商业楼1层106号
05200160,北京普安法玛西医药有限公司大望路大药房,朝阳区,北京市朝阳区建国路93号院6-1-11号
05200159,北京乐普护生堂网络科技有限公司第一药店,朝阳区,北京市朝阳区十八里店乡横街子2队1-2号
05200158,北京乐普护生堂网络科技有限公司第七药店,朝阳区,北京市朝阳区十八里店乡陈家村146号
05200157,北京康都仁和药房网医药科技有限公司,朝阳区,北京市朝阳区望京北路39号7号楼商业7号
05200156,北京康佰馨好一生大药房有限公司十里堡分店,朝阳区,北京市朝阳区十里堡综合楼一层底商
05200155,北京康佰馨好一生大药房有限公司豆各庄分店,朝阳区,北京市朝阳区豆各庄乡鲁店北路A3商业第05号商铺
05200154,北京康佰馨好一生大药房有限公司第一分公司,朝阳区,北京市朝阳区建国路29号兴隆家园底商3101室
05200153,北京康佰馨好一生大药房有限公司,朝阳区,北京市朝阳区甘露园南里一区11楼 
05200152,北京凯尔康大药房有限责任公司潘家园分公司,朝阳区,北京市朝阳区潘家园西里2号楼南侧（粮店平房）
05200151,北京开心人大药房有限公司平乐园店,朝阳区,北京市朝阳区西大望路27号一层
05200150,北京开心人大药房有限公司劲松店,朝阳区,北京市朝阳区劲松南街11号楼地下一层西侧01室
05200149,北京开心人大药房有限公司广渠路百子湾店,朝阳区,北京市朝阳区百子湾东里422号楼1至2层102
05200148,北京京海康佰馨医药有限责任公司第一分公司,朝阳区,北京市朝阳区利泽西园114号楼0109、0110、0111室
05200147,北京京海康佰馨医药有限责任公司第四分公司,朝阳区,北京市朝阳区南湖西里小区北侧A1.A2.A3.A4号
05200146,北京京海康佰馨医药有限责任公司第十七分公司,朝阳区,北京市朝阳区永安西里10号16号平房
05200145,北京京海康佰馨医药有限责任公司第十分公司,朝阳区,北京市朝阳区建国门外光华里1号楼一层
05200144,北京京海康佰馨医药有限责任公司第九分公司,朝阳区,北京市朝阳区八里庄北里304号楼一层
05200143,北京京海康佰馨医药有限责任公司第二分公司,朝阳区,北京市朝阳区百子湾路甲16号2号楼S-106号
05200142,北京金象大药房医药连锁有限责任公司花家地金象大药房,朝阳区,北京市朝阳区望京中环南路5号1层9号、10号
05200141,北京金象大药房医药连锁有限责任公司八里庄金象大药房,朝阳区,北京市朝阳区八里庄北里124号楼101号
05200140,北京嘉事堂连锁药店有限责任公司劲松桥药店,朝阳区,北京市朝阳区东三环南路58号富顿中心C座105号
05200139,北京济民康泰药店,朝阳区,北京市朝阳区高碑店乡方家村2号楼底商
05200138,北京济民康泰大药房有限责任公司朝阳分店,朝阳区,北京市朝阳区金台里25号楼01层25-1
05200137,北京济民康泰大药房有限责任公司朝阳店,朝阳区,北京市朝阳区武圣东里54号楼01层54-1号
05200136,北京弘景堂大药房有限公司,朝阳区,北京市朝阳区东四环北路10号院4号楼1层8号
05200135,北京国大药房连锁有限公司胜古苑连锁店,朝阳区,北京市朝阳区安外胜古西庄48号3号楼E座
05200134,北京国大药房连锁有限公司定福庄连锁店,朝阳区,北京市朝阳区三间房乡美然动力街区A3-9D幢4单元204室
05200133,北京国大药房连锁有限公司朝阳南湖中园连锁店,朝阳区,北京市朝阳区南湖南路15号院甲5号楼1层102
05200132,北京广惠康医药有限公司第十三大药房,朝阳区,北京市朝阳区太阳宫火星园4号楼一层103、104、105室
05200131,北京广惠康医药有限公司第三大药房,朝阳区,北京市朝阳区和平街十区3号楼底商3-11室
05200130,北京广惠康医药有限公司第八大药房,朝阳区,北京市朝阳区三源里街6号楼一层
05200129,北京高远百康广生堂大药房有限公司广外分店,朝阳区,北京市朝阳区广渠门外大街D51-D55号住宅楼及商业111层商业1109号
05200128,北京高远百康大药房有限公司新源里分店,朝阳区,北京市朝阳区新源里16号A座0102
05200127,北京高远百康大药房有限公司小红门分店,朝阳区,北京市朝阳区小红门乡鸿博家园二期C区3号楼102
05200126,北京高远百康大药房有限公司甜水园分店,朝阳区,北京市朝阳区水碓子北里3号楼107-1
05200125,北京高远百康大药房有限公司花家地分店,朝阳区,北京市朝阳区花家地小区17号楼一层1号
05200124,北京高远百康大药房有限公司广顺街分店,朝阳区,北京市朝阳区望京广顺南大街19号院会所1层会所1号内105号
05200123,北京高远百康大药房有限公司管庄分店,朝阳区,北京市朝阳区管庄西里74号楼7单元102号
05200122,北京高远百康大药房有限公司高杨树分店,朝阳区,北京市朝阳区富东嘉园21号楼1层101室
05200121,北京高远百康大药房有限公司大郊亭分店,朝阳区,北京市朝阳区广渠路23号院5号楼1层5-5、5-6
05200120,北京高远百康大药房有限公司朝外分店,朝阳区,北京市朝阳区吉庆里9、10号楼1层商业用房1-2
05200119,北京高远百康大药房有限公司北苑分店,朝阳区,北京市朝阳区北苑路13号院1号楼1层1-2号
05200118,北京高远百康大药房有限公司安贞分店,朝阳区,北京市朝阳区外馆东街51号一层106号商铺
05200117,北京高碑店天保堂医药有限公司,朝阳区,北京市朝阳区高碑店北路5号-2
05200116,北京段氏安立金象大药房有限公司,朝阳区,北京市朝阳区安立路66号安立花园1号楼
05200115,北京东方康盛大药房有限公司,朝阳区,北京市朝阳区姚家园路甲1号首层东夹层1号
05200114,北京叮当智慧小营大药房,朝阳区,北京市朝阳区大屯小营路6号
05200113,北京德威治医药连锁有限责任公司小营路大药房,朝阳区,北京市朝阳区小营路23号1层102
05200112,北京德威治医药连锁有限责任公司双井大药房,朝阳区,北京市朝阳区百子湾南二路76号院7号楼一层01A
05200111,北京德威治医药连锁有限责任公司劲松大药房,朝阳区,北京市朝阳区农光里109号楼一层
05200110,北京德威治医药连锁有限责任公司东土城分店,朝阳区,北京市朝阳区小关东里12号楼101室 
05200109,北京德民堂医药有限公司,朝阳区,北京市朝阳区朝新嘉园东里一区8号楼9号商业
05200108,北京德康金象大药房有限公司分店,朝阳区,北京市朝阳区湖光北街9号01层101内1021
05200107,北京长店迎松堂医药有限责任公司朝阳第三分店,朝阳区,北京市朝阳区定福家园南里1号院1号楼1-2
05200106,北京常营金象大药房有限公司,朝阳区,北京市朝阳区五里桥二街2号院6号楼一层0103、0104号
05200105,北京常和堂医药有限公司,朝阳区,北京市朝阳区常惠路7号楼103
05200104,北京北纬紫阳金象大药房有限责任公司,朝阳区,北京市朝阳区来广营西路7号院18号楼一层117号
05200103,北京宝益堂大药房,朝阳区,北京市朝阳区安外慧忠北里302号楼
05200102,北京百信德康医药有限公司平乐园店,朝阳区,北京市朝阳区南磨房路29号1号楼一层
05200101,北京百好堂医药经营有限公司,朝阳区,北京市朝阳区黑庄户乡大鲁店一村北口
05200100,嘉事堂药业股份有限公司北京呼家楼药店,朝阳区,北京市朝阳区呼家楼北街乙4号楼一层
05200099,北京德威治医药连锁有限责任公司何各庄大药房,朝阳区,北京市朝阳区崔各庄乡何各庄村委会西侧院319号
05200097,北京市康中福大药房有限公司朝阳北路店,朝阳区,北京市朝阳区延静里12号楼一层
05200096,北京高远百康大药房有限公司熊猫环岛分店,朝阳区,北京市朝阳区鼓楼外大街1号楼1层
05200095,北京德威治医药连锁有限责任公司南沙滩大药房,朝阳区,北京市朝阳区南沙滩(粮店)
05200094,北京德威治医药连锁有限责任公司十八里店大药房,朝阳区,北京市朝阳区十八里店乡吕家营村源景苑配套公建1层106 
05200089,北京德威治医药连锁有限责任公司吕家营大药房,朝阳区,北京市朝阳区十八里店乡吕家营商业街西侧北面平房
05200088,北京德威治医药连锁有限责任公司老君堂大药房,朝阳区,北京市朝阳区十八里店乡老君堂村商业街
05200087,北京同仁堂连锁药店有限责任公司松榆里药店,朝阳区,北京市朝阳区松榆东里41号楼北侧
05200084,北京老君堂金象大药房有限公司,朝阳区,北京市朝阳区十八里店乡老君堂新村297号东院一层
05200083,嘉事堂药业股份有限公司北京酒仙桥路药店,朝阳区,北京市朝阳区酒仙桥路27号
05200080,北京鹤寿堂药店,朝阳区,北京市朝阳区水碓子东路蔬菜商店
05200079,北京鑫康济堂大药房有限公司将台店,朝阳区,北京市朝阳区将台西路19号2号楼108号
05200077,北京市双桥燕京中药饮片厂垡头药店,朝阳区,北京市朝阳区垡头北里3号楼
05200074,北京百姓康利大药房红庙店,朝阳区,北京市朝阳区朝阳路英家坟村6号6号楼1层东侧
05200073,北京正济堂药品连锁超市有限责任公司亚运村店,朝阳区,北京市朝阳区安立路甲52号C座
05200072,北京同仁堂建国门大药房有限公司,朝阳区,北京市朝阳区建国门外大街24号2幢1层110
05200071,北京三九朝阳医药有限公司东大桥药店,朝阳区,北京市朝阳区农丰里7号楼一层
05200067,北京同仁堂盛平药店有限责任公司,朝阳区,北京市朝阳区安慧北里逸园6号楼1层102
05200066,北京国大药房连锁有限公司劲松连锁店,朝阳区,北京市朝阳区广渠路66号院甲10号楼105号
05200065,北京百信德康医药有限公司,朝阳区,北京市朝阳区朝来绿色家园广华居15号楼底商
05200060,北京海王星辰药房连锁有限公司劲松店,朝阳区,北京市朝阳区劲松七区718楼西侧
05200059,北京百草安康大药房有限公司,朝阳区,北京市朝阳区来广营乡红军营村53号
05200057,北京国大药房连锁有限公司和平街连锁店,朝阳区,北京市朝阳区和平西苑20号楼C101号
05200056,北京市康中福大药房有限公司湖光中街店,朝阳区,北京市朝阳区南湖中园317号楼1层1单元101
05200055,北京百姓康利大药房,朝阳区,北京市朝阳区十里堡南区6号楼一层
05200054,嘉事堂药业股份有限公司北京樱花园东街药店,朝阳区,北京市朝阳区樱花园东街1号
05200053,北京同仁堂施小墨医药有限公司,朝阳区,北京市朝阳区东三环中路39号建外SOHO7号SH-0715号一层
05200051,北京京海康佰馨医药有限责任公司第十八分公司,朝阳区,北京市朝阳区东大桥路8号SOHO尚都1101号
05200050,北京叮当智慧朝霞大药房有限公司,朝阳区,北京市朝阳区西大望路27号（2-1）36幢平房
05200049,北京国大药房连锁有限公司东方四环连锁店,朝阳区,"北京市朝阳区世纪东方嘉园204楼4-10,4-19"
05200048,北京五洲全新医药有限公司弘善长春堂药店,朝阳区,北京市朝阳区弘善家园304号楼01层(01)内102号
05200046,北京国大药房连锁有限公司蓝堡华贸连锁店,朝阳区,北京市朝阳区西大望路三号院2号楼S-112
05200045,北京同仁堂连锁药店有限责任公司南磨房药店,朝阳区,北京市朝阳区南新园甲19号楼
05200044,北京国大药房连锁有限公司建华南路连锁店,朝阳区,北京市朝阳区建华南路17号一层
05200043,北京德威治医药连锁有限责任公司杨闸大药房,朝阳区,北京市朝阳区双桥路8号茂林发友佳综合市场
05200042,北京同仁堂连锁药店有限责任公司红庙药店,朝阳区,北京市朝阳区红庙北里85号楼
05200041,北京广惠康医药有限公司第十一大药房,朝阳区,北京市朝阳区星火西路17号楼1-8
05200040,北京德信行医保全新大药房有限公司松榆里店,朝阳区,北京市朝阳区松榆西里11号楼1层
05200039,北京德康金象大药房有限公司,朝阳区,北京市朝阳区北苑家园茉藜园601楼一层2号
05200038,北京国大药房连锁有限公司域清街连锁店,朝阳区,北京市朝阳区林萃西里43号楼1层01商业4、2层0208
05200037,北京高远百康大药房有限公司延静里分店,朝阳区,北京市朝阳区延静西里10号楼院166、168号
05200036,北京国大药房连锁有限公司左家庄连锁店,朝阳区,北京市朝阳区左家庄西街12号楼一层
05200035,北京开心人大药房有限公司青年路店,朝阳区,北京市朝阳区甘露园中里1号楼C室
05200034,北京鑫康济堂大药房有限公司,朝阳区,北京市朝阳区芳园南里8号楼首层
05200033,北京鑫康济堂大药房有限公司一分店,朝阳区,北京市朝阳区利泽西园122号楼2号
05200032,北京国大药房连锁有限公司水星园连锁店,朝阳区,北京市朝阳区太阳宫夏家园第21号楼3011号
05200031,北京国大药房连锁有限公司东方盛鑫连锁店,朝阳区,北京市朝阳区曙光西里甲6号院9号楼107
05200030,北京高远百康大药房有限公司双井分店,朝阳区,北京市朝阳区广渠路66号院甲19号楼1层A1
05200029,北京国大药房连锁有限公司芍药居连锁店,朝阳区,北京市朝阳区芍药居北里317号楼1层6单元317-1
05200028,北京国大药房连锁有限公司东苇路连锁店,朝阳区,北京市朝阳区常营乡常营居住区一期一区119幢E号房
05200027,北京高远百康大药房有限公司白家庄分店,朝阳区,北京市朝阳区白家庄东里42号院2号楼一层
05200026,北京国大药房连锁有限公司芍药居北里连锁店,朝阳区,北京市朝阳区芍药居北里117号楼首层
05200025,北京同仁堂连锁药店有限责任公司管庄药店,朝阳区,北京市朝阳区常营乡鑫兆佳园10幢10-05、10-06号
05200024,北京德康金象大药房有限公司广顺康药店,朝阳区,北京市朝阳区南湖东园501号夏都家园1幢1单元0106号
05200023,北京普安法玛西医药有限公司建外药房,朝阳区,北京市朝阳区建外大街4号12幢1-2层SH-1207号
05200022,北京海王星辰药房连锁有限公司常营店,朝阳区,北京市朝阳区幺家店路2号院4号楼1层8号底商
05200021,北京高远百康大药房有限公司芍药居分店,朝阳区,北京市朝阳区芍药居小区310号楼一层
05200020,北京高远百康大药房有限公司青年路分店,朝阳区,北京市朝阳区雅成一里10号楼103室
05200019,北京国宗药店,朝阳区,北京市朝阳区东直门外大街20号楼一层北侧商用房
05200018,北京高远百康大药房有限公司南磨房分店,朝阳区,北京市朝阳区农光南路20号楼一层
05200015,北京瑞景堂大药房有限公司朝阳分公司,朝阳区,北京市朝阳区望京西园103号楼二层
05200014,北京同仁堂连锁药店有限责任公司十里河药店,朝阳区,北京市朝阳区东三环南路102号113室
05200012,北京普安法玛西医药有限公司关东店大药房,朝阳区,北京市朝阳区关东店8号楼院一楼北侧底商
05200011,北京益延堂大药房有限责任公司,朝阳区,北京市朝阳区石佛营东里114号楼一层
05200010,北京海王星辰药房连锁有限公司,朝阳区,北京市朝阳区安苑路甲17号楼17-1
05200009,北京广惠康医药有限公司第十大药房,朝阳区,北京市朝阳区常营丽景园6号楼-1层-126
05200008,北京同仁堂连锁药店有限责任公司大屯路药店,朝阳区,北京市朝阳区科学院南里市场楼
05200007,北京望京金象大药房有限责任公司,朝阳区,北京市朝阳区南湖东园101楼南段
05200006,北京正济堂药品连锁超市有限责任公司潘家园店,朝阳区,北京市朝阳区潘家园南里28号楼一层商业12号B区
05200005,嘉事堂药业股份有限公司北京永安里药店,朝阳区,北京市朝阳区朝外东大桥路18号一层
05200004,北京佰健医药有限公司,朝阳区,北京市朝阳区八里庄南里32号楼1层32-3
05200003,北京三九朝阳医药有限公司,朝阳区,北京市朝阳区新街大院甲8号
05200002,北京福仁堂医药经营部分部,朝阳区,北京市朝阳区北苑2号院
05200001,北京嘉事堂连锁药店有限责任公司西坝河南药店,朝阳区,北京市朝阳区西坝河南里21号楼一层
04200011,北京天天好大药房有限公司,西城区,北京市西城区白纸坊西街8号楼
04200008,北京鹤年堂大药房有限公司,西城区,北京市西城区陶然亭路2号8号楼1层103
04200007,北京白云路金象大药房有限公司,西城区,北京市西城区广外小马厂西里1号
04200006,北京同仁堂连锁药店有限责任公司里仁街药店,西城区,北京市西城区清芷园12号楼101-05、101-12、101-14、101-15
04200005,北京德寿堂医药有限公司,西城区,北京市西城区珠市口西大街175号
04200004,北京京城虎坊路药店,西城区,北京市西城区虎坊路大街14号
04200003,北京同仁堂连锁药店有限责任公司虎坊桥药店,西城区,北京市西城区珠市口西大街248号
04200002,北京同仁堂连锁药店有限责任公司宣武药店,西城区,北京市西城区广安门内大街306号
04200001,北京同仁堂商业投资集团有限公司同仁堂药店,西城区,北京市西城区前门大栅栏24号
03200007,北京同仁堂连锁药店有限责任公司幸福大街药店,东城区,北京市东城区安化寺幸福家园17号楼1层01号
03200005,北京五洲全新医药有限公司天坛万全堂药店,东城区,崇文区天坛东路64号1层
03200004,北京五洲全新医药有限公司前门长春堂药店,东城区,北京市东城区前门大街135号
03200003,北京同仁堂崇文门药店有限责任公司,东城区,崇文区崇文门外大街42号
03200002,北京五洲全新医药有限公司花市南庆仁堂药店,东城区,崇文区西花市大街53号
03200001,北京德威治医药连锁有限责任公司沙子口大药房,东城区,北京市东城区西革新里108号院2幢2-10
02200099,北京太和保兴大药房有限公司阜成门店,西城区,北京市西城区阜成门内北街14号
02200098,北京市利君堂大药房连锁有限公司太平街分店,西城区,北京市西城区太平街5号楼5-2
02200097,北京京海康佰馨医药有限责任公司第十五分公司,西城区,北京市西城区西四南大街76号
02200096,北京广惠康医药有限公司第一大药房,西城区,北京市西城区槐柏树街北里6号楼一层
02200095,北京高远百康大药房有限公司阜外分店,西城区,北京市西城区阜外大街甲9号北京国宾酒店1层GBC-8
02200094,北京高远百康大药房有限公司菜市口分店,西城区,北京市西城区山西街6号院1号楼107室
02200093,北京市汇仁堂荣丰药店有限责任公司,西城区,北京市西城区广安门外大街305号八区15、16、17号楼商业102室
02200092,北京鹤年堂医药有限责任公司广安门药店,西城区,北京市西城区南线阁街5号一层
02200091,北京仁生堂医药有限公司,西城区,北京市西城区西直门外南路丁8号
02200090,北京正济堂药品连锁超市有限责任公司天桥店,西城区,北京市西城区东经路5号2号楼一层
02200089,北京恒创天保堂医药有限公司车公庄店,西城区,北京市西城区车公庄大街2号院1号楼1-3号
02200088,北京友谊仁博大药房有限责任公司永安路分店,西城区,北京市西城区永安路甲149号一层
02200087,北京高远百康明安堂医药有限责任公司,西城区,北京市西城区槐柏树街11号楼3号
02200083,北京宝瑞堂医药有限公司白塔寺大药房,西城区,北京市西城区宫门口西岔1号
02200082,北京晟君堂大药房有限公司,西城区,北京市西城区马连道东街甲2号院7号楼102
02200079,北京百姓阳光大药房有限公司,西城区,北京市西城区平原里小区20号楼1层1-2
02200077,北京百姓阳光大药房有限公司白纸坊店,西城区,北京市西城区白纸坊西街22号
02200076,北京市圣德堂国药中心,西城区,北京市西城区北礼士路56号
02200075,北京新兴德胜连锁药房有限公司鼓楼店,西城区,北京市西城区鼓楼西大街201号1幢1层101室
02200074,北京同仁堂连锁药店有限责任公司三里河万方药店,西城区,北京市西城区月坛南街30号一层
02200072,北京健安仁和医药有限公司,西城区,北京市西城区西直门南大街16号楼院一层3号、4号
02200071,北京泰瑞堂大药房有限公司,西城区,北京市西城区广安门外南街47号一层
02200069,北京润帅堂大药房有限公司,西城区,北京市西城区报国寺东夹道1号
02200055,北京同仁堂连锁药店有限责任公司新街口药店,西城区,北京市西城区新街口南大街39号
02200054,北京同仁堂连锁药店有限责任公司平安里药店,西城区,北京市西城区平安里西大街20号
02200053,北京新兴德胜连锁药房有限公司新街口店,西城区,北京市西城区羊房胡同43号
02200052,北京国大药房连锁有限公司南线阁连锁店,西城区,北京市西城区枣林北里2号楼一层
02200050,北京金象大药房医药连锁有限责任公司月坛北街金象大药房,西城区,北京市西城区三里河东街9号
02200049,北京国大药房连锁有限公司陶然亭连锁店,西城区,北京市西城区陶然亭路47号
02200048,北京康仁金象大药房,西城区,北京市西城区白云路西里甲12号楼首层东南
02200047,北京德信行医保全新大药房有限公司白塔寺店,西城区,北京市西城区阜内大街163号
02200046,北京国大药房连锁有限公司绒线胡同连锁店,西城区,北京市西城区西绒线胡同6号楼1-104
02200045,北京好得快医药有限公司第十三大药房,西城区,北京市西城区马连道南街1号院3号楼一层
02200044,北京叮当智慧德内大药房有限公司,西城区,北京市西城区德胜门内大街245号
02200043,北京德信行医保全新大药房有限公司红莲店,西城区,北京市西城区马连道东街17号
02200042,北京同仁堂连锁药店有限责任公司和庭药店,西城区,北京市西城区莲花河胡同2号院1号楼底商109
02200041,北京金象大药房医药连锁有限责任公司地外金象大药房,西城区,北京市西城区地安门外大街139号
02200040,北京金象大药房医药连锁有限责任公司月坛南街金象大药房,西城区,北京市西城区月坛南街17号
02200039,北京金象大药房医药连锁有限责任公司阜外金象大药房,西城区,北京市西城区阜外大街37号国侨宾馆15-16-17
02200038,北京金象大药房医药连锁有限责任公司展览路金象大药房,西城区,北京市西城区三里河路22号
02200037,老百姓大药房（北京）有限公司新街口店,西城区,北京市西城区新街口外大街28号6、7号(德胜园区)
02200036,仁和药房网（北京）医药科技有限公司第十六药房,西城区,北京市西城区马连道路80号2号楼底商104号
02200020,北京金象大药房医药连锁有限责任公司马甸金象大药房,西城区,北京市西城区马甸南村2号楼(德胜园区)
02200013,北京金象大药房医药连锁有限责任公司新街口金象大药房,西城区,北京市西城区新街口南大街10号
02200010,北京金象大药房医药连锁有限责任公司西四北金象大药房,西城区,北京市西城区西四北大街3号
02200009,北京德威治医药连锁有限责任公司北太平庄大药房,西城区,北京市西城区新街口外大街8号一层
02200008,北京同仁堂连锁药店有限责任公司黄寺药店,西城区,北京市西城区黄寺大街26号院6号楼一层01023、01024、01025、01026、01027、01028号
02200007,北京同仁堂连锁药店有限责任公司长安街药店,西城区,北京市西城区复外大街8号楼
02200006,北京市宣内药品有限责任公司真武庙金象大药房,西城区,北京市西城区真武庙四条六里
02200005,北京金象大药房医药连锁有限责任公司西直门内金象大药房,西城区,北京市西城区西直门内大街147号楼1层102
02200004,北京金象大药房医药连锁有限责任公司西单金象大药房,西城区,北京市西城区西单北大街114号
02200003,北京金象大药房医药连锁有限责任公司和平门金象大药房,西城区,北京市西城区北新华街29号楼一层103
02200002,北京金象复星医药股份有限公司复兴门金象大药房,西城区,北京市西城区复兴门外大街丁5号
02200001,北京金象复星医药股份有限公司白塔寺药店,西城区,西城区阜内大街165号
01200054,北京祥安堂大药房有限公司,东城区,东城区瓷器口大街134号一层-1
01200053,北京同仁堂连锁药店有限责任公司打磨厂药店,东城区,东城区西打磨厂街3号1层
01200052,北京市利君堂大药房连锁有限公司宽街分店,东城区,东城区张自忠路10号1005、1006号
01200051,北京金象大药房医药连锁有限责任公司东内金象大药房,东城区,东城区东直门内北小街22号1层
01200050,北京嘉事堂连锁药店有限责任公司骑河楼街药店,东城区,东城区骑河楼街24号
01200049,北京国大药房连锁有限公司和平里连锁店,东城区,东城区和平里三区5号楼1层
01200048,北京广惠康医药有限公司青年沟大药房,东城区,北京市东城区和平里青年沟七区32号楼西侧
01200047,北京市康中福大药房有限公司,东城区,北京市东城区朝阳门南小街8号楼首层102室
01200046,北京嘉润康大药房,东城区,北京市东城区板厂南里2楼
01200045,北京永安堂医药连锁有限责任公司朝内北小街药店,东城区,北京市东城区朝阳门内北小街4号楼5门、6门首层
01200044,北京高远百康广生堂大药房有限公司忠实里分店,东城区,北京市东城区忠实里南街6号楼2-3单元一层
01200043,北京高远百康大药房有限公司鼓楼分店,东城区,北京市东城区鼓楼东大街73号
01200042,北京同仁堂崇文门药店有限责任公司分店,东城区,北京市东城区永定门东街2号
01200041,北京六合堂药店,东城区,北京市东城区西革新里甲2号
01200040,北京永安堂医药连锁有限责任公司东直门内药店,东城区,北京市东城区东直门内大街221号
01200039,北京同仁堂连锁药店有限责任公司天坛东侧路药店,东城区,北京市东城区天坛东里中区25楼
01200037,北京惠全堂大药房有限公司,东城区,北京市东城区新怡家园1号楼底商6号
01200036,北京永安堂医药连锁有限责任公司十条药店,东城区,北京市东城区东四十条28号
01200034,北京天润康名敦道中西大药房,东城区,北京东城区广渠家园24号楼3单元101号
01200033,北京永安堂医药连锁有限责任公司北新药店,东城区,北京市东城区雍和宫大街84号
01200023,老百姓大药房（北京）有限公司安乐林店,东城区,北京市东城区永定门外安乐林路22号天天家园6号楼1层107
01200022,北京永安堂医药连锁有限责任公司北京站药店,东城区,北京市东城区北京站街20号
01200019,北京永安堂医药连锁有限责任公司宏仁堂药店,东城区,北京市东城区东四北大街434号
01200018,北京永安堂医药连锁有限责任公司百草药店,东城区,北京市东城区王府井大街247号
01200017,北京永安堂医药连锁有限责任公司朝内南小街药店,东城区,北京市东城区朝阳门南小街233号
01200016,北京永安堂医药连锁有限责任公司交道口药店,东城区,北京市东城区安定门内大街245号
01200014,北京永安堂医药连锁有限责任公司八条药店,东城区,北京市东城区东四北大街234号
01200013,北京德信行医保全新大药房有限公司花市店,东城区,北京市东城区东花市北里西区13号楼1层
01200012,北京国大药房连锁有限公司永定门连锁店,东城区,北京市东城区三元西巷甲12号
01200011,北京国大药房连锁有限公司永外连锁店,东城区,北京市东城区沙子口路61号
01200010,北京金象大药房医药连锁有限责任公司东兴金象大药房,东城区,北京市东城区豆瓣胡同5号楼5-1号
01200009,仁和药房网（北京）医药科技有限公司第十二药房,东城区,北京市东城区东直门外小街10号
01200007,北京同仁堂参茸有限责任公司,东城区,北京市东城区东四北大街480号
01200006,北京同仁堂连锁药店有限责任公司安德路药店,东城区,北京市东城区安德路16号洲际大厦B座1层
01200005,北京永安堂医药连锁有限责任公司和平里药店,东城区,东城区和平里西街化工部宿舍14楼
01200004,北京亚泰永安堂医药股份有限公司王府井医药商店,东城区,北京市东城区王府井大街301号-2
01200003,北京德信行医保全新大药房有限公司安定门店,东城区,东城区安内大街96号
01200002,北京永安堂医药连锁有限责任公司安外药店,东城区,东城区安定门外大街155号
01200001,北京永安堂医药连锁有限责任公司朝内药店,东城区,东城区朝阳门内大街243号
